브랜드,상품명(영문),상품명(한글),가격,관심수,리뷰수,상세페이지 링크
Nike,Nike Air Force 1 '07 Low White,나이키 에어포스 1 '07 로우 화이트,"99,000원",관심 23.7만,"・
리뷰 1.8만",https://kream.co.kr/products/12831?fetchRelated=true
Nike,Nike Air Force 1 '07 WB Flax,나이키 에어포스 1 '07 WB 플랙스,"120,000원",관심 18.3만,"・
리뷰 1.6만",https://kream.co.kr/products/21935?fetchRelated=true
Nike,Nike Air Force 1 '07 Low Triple Black,나이키 에어포스 1 '07 로우 트리플 블랙,"104,000원",관심 12.8만,"・
리뷰 7,316",https://kream.co.kr/products/36?fetchRelated=true
Nike,(W) Nike Air Superfly Metallic Silver and Black,(W) 나이키 에어 슈퍼플라이 메탈릭 실버 앤 블랙,"116,000원",관심 2만,"・
리뷰 606",https://kream.co.kr/products/435348?fetchRelated=true
Nike,Nike Zoom Fly 6 White Smoke Grey,나이키 줌 플라이 6 화이트 스모크 그레이,"138,000원","관심 7,257","・
리뷰 460",https://kream.co.kr/products/368749?fetchRelated=true
Nike,Nike Zoom Fly 6 White Pure Platinum,나이키 줌 플라이 6 화이트 퓨어 플래티넘,"140,000원","관심 6,662","・
리뷰 311",https://kream.co.kr/products/508843?fetchRelated=true
Nike,(W) Nike Sportswear Chill Knit Graphic T-Shirt Midnight Navy,(W) 나이키 스포츠웨어 칠 니트 그래픽 티셔츠 미드나잇 네이비,"66,000원","관심 2,064","・
리뷰 12",https://kream.co.kr/products/558271?fetchRelated=true
Nike,(W) Nike Air Force 1 '07 WB Flax Wheat,(W) 나이키 에어포스 1 '07 WB 플랙스 위트,"100,000원",관심 5.1만,"・
리뷰 3,039",https://kream.co.kr/products/219423?fetchRelated=true
Nike,Nike Brasilia 9.5 Training Duffle Bag Small 41L Black,나이키 브라질리아 9.5 트레이닝 더플백 스몰 41L 블랙,"31,000원",관심 1.9만,"・
리뷰 2,006",https://kream.co.kr/products/97807?fetchRelated=true
Nike,Nike ReactX Rejuven8 Slide Black,나이키 리액트X 리주버네이트 슬라이드 블랙,"61,000원","관심 3,931","・
리뷰 360",https://kream.co.kr/products/507578?fetchRelated=true
Nike,Nike Total 90 III SP Light Orewood Brown Black,나이키 토탈 90 3 SP 라이트 오어우드 브라운 블랙,"164,000원",관심 1.7만,"・
리뷰 98",https://kream.co.kr/products/483828?fetchRelated=true
Nike,Nike Ronaldinho Brazil 2004 Total 90 Reissue Soccer Replica Jersey (Marking Ver.),나이키 호나우지뉴 브라질 2004 토탈 90 리이슈 사커 레플리카 저지 (마킹 버전),"198,000원",관심 677,"・
리뷰 16",https://kream.co.kr/products/562451?fetchRelated=true
Nike,Nike ReactX Rejuven8 Light Orewood Brown,나이키 리액트X 리주버네이트 라이트 오어우드 브라운,"107,000원","관심 6,934","・
리뷰 374",https://kream.co.kr/products/465731?fetchRelated=true
Nike,(W) Nike Air Max Muse Black and Metallic Silver,(W) 나이키 에어맥스 뮤즈 블랙 앤 메탈릭 실버,"151,000원",관심 1만,"・
리뷰 401",https://kream.co.kr/products/396523?fetchRelated=true
Nike,Nike Kobe 6 Protro Total Orange,나이키 코비 6 프로트로 토탈 오렌지,"293,000원","관심 1,645","・
리뷰 233",https://kream.co.kr/products/555652?fetchRelated=true
Nike,Nike FC Barcelona 2025/26 Stadium Home Dri-Fit Football Replica Jersey Deep Royal Blue Noble Red (Non Marking Ver.),나이키 FC 바르셀로나 2025/26 스타디움 홈 드라이핏 풋볼 레플리카 저지 딥 로얄 블루 노블 레드 (논 마킹 버전),"121,000원","관심 1,492","・
리뷰 39",https://kream.co.kr/products/551717?fetchRelated=true
Nike,Nike V2K Run Summit White Metallic Silver,나이키 V2K 런 서밋 화이트 메탈릭 실버,"77,000원",관심 8.2만,"・
리뷰 3,749",https://kream.co.kr/products/137241?fetchRelated=true
Nike,Nike Zoom Fly 6 Black Light Smoke Grey,나이키 줌 플라이 6 블랙 라이트 스모크 그레이,"119,000원","관심 8,992","・
리뷰 964",https://kream.co.kr/products/408241?fetchRelated=true
Nike,Nike ACG Trail Cap Black,나이키 ACG 트레일 캡 블랙,"43,000원",관심 1.3만,"・
리뷰 615",https://kream.co.kr/products/147583?fetchRelated=true
Nike,Nike Air Zoom Alphafly Next% 3 White Pure Platinum,나이키 에어 줌 알파플라이 넥스트% 3 화이트 퓨어 플래티넘,"258,000원","관심 3,810","・
리뷰 213",https://kream.co.kr/products/501868?fetchRelated=true
Nike,(W) Nike Air Force 1 '07 Low White,(W) 나이키 에어포스 1 '07 로우 화이트,"94,000원",관심 13.1만,"・
리뷰 4,208",https://kream.co.kr/products/13100?fetchRelated=true
Nike,Nike V2K Run Black Anthracite,나이키 V2K 런 블랙 앤트러사이트,"81,000원",관심 3.9만,"・
리뷰 843",https://kream.co.kr/products/266659?fetchRelated=true
Nike,Nike x Supreme Air Force 1 Low White,나이키 x 슈프림 에어포스 1 로우 화이트,"169,000원",관심 6.6만,"・
리뷰 5,248",https://kream.co.kr/products/23632?fetchRelated=true
Nike,Nike ReactX Rejuven8 Triple Black,나이키 리액트X 리주버네이트 트리플 블랙,"100,000원","관심 5,899","・
리뷰 303",https://kream.co.kr/products/465724?fetchRelated=true
Nike,Nike Air Max 95 OG White and Black,나이키 에어맥스 95 OG 화이트 앤 블랙,"270,000원","관심 1,700","・
리뷰 175",https://kream.co.kr/products/552082?fetchRelated=true
Nike,Nike Zoom Vomero 5 Photon Dust Gridiron,나이키 줌 보메로 5 포톤 더스트 그리드아이언,"112,000원",관심 1.2만,"・
리뷰 1,148",https://kream.co.kr/products/252533?fetchRelated=true
Nike,(W) Nike Shox R4 Black,(W) 나이키 샥스 R4 블랙,"139,000원",관심 2.8만,"・
리뷰 1,197",https://kream.co.kr/products/250825?fetchRelated=true
Nike,Nike Dri-Fit Stride 5 Inch Brief Lined Running Shorts Black - Asia,나이키 드라이핏 스트라이드 5인치 브리프 라인드 러닝 쇼츠 블랙 - 아시아,"43,000원","관심 7,325","・
리뷰 606",https://kream.co.kr/products/176748?fetchRelated=true
Nike,Nike Dri-Fit Park 7 T-Shirt Black,나이키 드라이핏 파크 7 티셔츠 블랙,"20,000원",관심 1.7만,"・
리뷰 1,505",https://kream.co.kr/products/97699?fetchRelated=true
Nike,Nike ReactX Rejuven8 Slide Summit White,나이키 리액트X 리주버네이트 슬라이드 서밋 화이트,"70,000원","관심 2,882","・
리뷰 137",https://kream.co.kr/products/529647?fetchRelated=true
Nike,(W) Nike Shox R4 White Metallic Silver,(W) 나이키 샥스 R4 화이트 메탈릭 실버,"126,000원",관심 1.8만,"・
리뷰 632",https://kream.co.kr/products/250821?fetchRelated=true
Nike,Nike Dri-Fit Park 7 T-Shirt Black (Bundle of 3),나이키 드라이핏 파크 7 티셔츠 블랙 (3개 번들),"54,000원","관심 3,675","・
리뷰 256",https://kream.co.kr/products/490684?fetchRelated=true
Nike,Nike Shox R4 Metallic Silver Red,나이키 샥스 R4 메탈릭 실버 레드,"164,000원",관심 1.4만,"・
리뷰 708",https://kream.co.kr/products/402232?fetchRelated=true
Nike,Nike x Supreme Air Force 1 Low Black,나이키 x 슈프림 에어포스 1 로우 블랙,"178,000원",관심 5만,"・
리뷰 3,634",https://kream.co.kr/products/23626?fetchRelated=true
Nike,Nike Air Force 1 '07 LV8 White Deep Royal Blue,나이키 에어포스 1 '07 LV8 화이트 딥 로얄 블루,"117,000원",관심 1.3만,"・
리뷰 453",https://kream.co.kr/products/464564?fetchRelated=true
Nike,Nike Paris Saint-Germain 2024/25 Dri-Fit Stadium Home Replica Jersey Midnight Navy (Non Marking Ver.),나이키 파리 생제르맹 2024/25 드라이핏 스타디움 홈 레플리카 저지 미드나잇 네이비 (논 마킹 버전),"60,000원","관심 7,358","・
리뷰 710",https://kream.co.kr/products/294474?fetchRelated=true
Nike,(W) Nike Air Force 1 '07 Low Triple Black,(W) 나이키 에어포스 1 '07 로우 트리플 블랙,"105,000원",관심 6.7만,"・
리뷰 2,024",https://kream.co.kr/products/18402?fetchRelated=true
Nike,Nike Dri-Fit Park 3 Shorts Black,나이키 드라이핏 파크 3 쇼츠 블랙,"20,000원",관심 1.1만,"・
리뷰 1,233",https://kream.co.kr/products/97698?fetchRelated=true
Nike,Nike Dri-Fit Challenger 5 Inch Brief Lined Versatile Shorts Black - Asia,나이키 드라이 핏 챌린저 5인치 브리프 라인드 버서타일 쇼츠 블랙- 아시아,"34,000원","관심 4,816","・
리뷰 260",https://kream.co.kr/products/310873?fetchRelated=true
Nike,Nike Cortez SE Black Gum Brown,나이키 코르테즈 SE 블랙 검 브라운,"101,000원","관심 3,204","・
리뷰 28",https://kream.co.kr/products/531485?fetchRelated=true
Nike,Nike x Travis Scott Zoom Field Jaxx White and Light Chocolate,나이키 x 트래비스 스캇 줌 필드 잭스 화이트 앤 라이트 초콜릿,"180,000원","관심 6,079","・
리뷰 512",https://kream.co.kr/products/397368?fetchRelated=true
Nike,Nike FC Barcelona 2024/25 Dri-Fit Stadium Home Jersey Deep Royal Blue Noble Red (Non Marking Ver.),나이키 FC 바르셀로나 2024/25 드라이핏 스타디움 홈 저지 딥 로얄 블루 노블 레드 (논 마킹 버전),"156,000원","관심 6,379","・
리뷰 1,326",https://kream.co.kr/products/318839?fetchRelated=true
Nike,Nike Calm Slide Black,나이키 캄 슬라이드 블랙,"43,000원","관심 8,062","・
리뷰 779",https://kream.co.kr/products/136228?fetchRelated=true
Nike,(W) Nike x Maha Amsterdam Total 90 Shox Magia Black and Metallic Silver,(W) 나이키 x 마하 암스테르담 토탈 90 샥스 마지아 블랙 앤 메탈릭 실버,"266,000원","관심 1,637","・
리뷰 45",https://kream.co.kr/products/551612?fetchRelated=true
Nike,(W) Nike ReactX Rejuven8 Slide Sail,(W) 나이키 리액트X 리주버네이트 슬라이드 세일,"48,000원","관심 1,430","・
리뷰 52",https://kream.co.kr/products/508939?fetchRelated=true
Nike,Nike Air Zoom Spiridon Cage 2 Metallic Silver,나이키 에어 줌 스피리돈 케이지 2 메탈릭 실버,"98,000원",관심 1.8만,"・
리뷰 1,538",https://kream.co.kr/products/23879?fetchRelated=true
Nike,(W) Nike Sportswear Chill Knit Graphic T-Shirt White,(W) 나이키 스포츠웨어 칠 니트 그래픽 티셔츠 화이트,"57,000원",관심 867,"・
리뷰 5",https://kream.co.kr/products/558273?fetchRelated=true
Nike,Nike ACG Dri-Fit T-Shirt Black - Asia,나이키 ACG 드라이핏 티셔츠 블랙 - 아시아,"53,000원","관심 1,208","・
리뷰 53",https://kream.co.kr/products/495193?fetchRelated=true
Nike,Nike P-6000 Metallic Silver,나이키 P-6000 메탈릭 실버,"85,000원",관심 2.7만,"・
리뷰 2,532",https://kream.co.kr/products/24137?fetchRelated=true
Nike,Nike x Travis Scott Zoom Field Jaxx Pale Ivory and Leche Blue,나이키 x 트래비스 스캇 줌 필드 잭스 페일 아이보리 앤 레체 블루,"168,000원","관심 4,237","・
리뷰 153",https://kream.co.kr/products/503107?fetchRelated=true
